#,Page Name,Route,Section Group,Localhost URL,Production URL,Page Type,Priority,Lighthouse,Gemini CLI,Claude AI,User Manual,Primary Auditor,Performance Checks,SEO Checks,Accessibility Checks,Security Checks,Content Checks,UX/UI Checks,Functional Checks,Audit Status,Notes
1,Home,/,Landing,http://localhost:3000/,https://cloudbasket.in/,Static - Landing,CRITICAL,Yes,Yes,Yes,Yes,ALL,LCP < 2.5s; CLS < 0.1; INP < 200ms; Hero image WebP + lazy; Bundle < 300KB; Defer non-critical JS; Preload fonts; No render-blocking resources,Title: CloudBasket - Design Print Earn; Meta desc 150-160 chars unique; H1 visible and keyword-rich; OG title+image+desc; Schema: WebSite + Organization; Sitemap indexed; Canonical self-ref; No duplicate tags,Skip-to-content link; Logo img alt text; CTA buttons ARIA labeled; Color contrast 4.5:1 min; Hero text readable on mobile; Keyboard tab order logical; ARIA landmarks present,CSP headers verified; Newsletter form CSRF token; Affiliate links rel=noopener noreferrer; No API keys in DOM; External scripts audited; HTTPS enforced,Tagline 'Design. Print. Earn.' exact; Hero copy compelling; CTA text clear; Brand colors #039BE5 / #E65100 applied; No placeholder text; Social proof present,Mobile-first responsive; Sticky header scrolls correctly; Footer links complete; WhatsApp button visible but not intrusive; Design tokens applied; Typography hierarchy correct,Newsletter signup submits and confirms; WhatsApp href correct; All nav links functional; Affiliate redirect /go/ fires tracking; Hero CTA leads to correct page; ChatBot opens,Not Started,Most critical page — test on real mobile device first
2,About,/about,Marketing,http://localhost:3000/about,https://cloudbasket.in/about,Static - Informational,HIGH,Yes,Yes,No,Yes,Gemini CLI + User,LCP < 2.5s; Images compressed; No unused JS; Fast TTFB,Title unique; Meta desc; H1; OG tags; Schema: AboutPage or Organization; Internal links to key pages,Heading hierarchy H1>H2>H3; Image alts; Readable font size ≥16px; Contrast OK,No forms — low risk; External links noopener,Team info accurate; Company story correct; Mission statement aligned with brand; No outdated info; NEXQON reference if applicable,Brand colors applied; Team photos load; Mobile layout correct; Consistent with design system,All internal links work; Team social links open correctly; CTA buttons navigate correctly,Not Started,Ensure NEXQON / cloudbasket relationship is stated correctly
3,Careers,/careers,Marketing,http://localhost:3000/careers,https://cloudbasket.in/careers,Static - Informational,MEDIUM,Yes,Yes,No,Yes,Gemini CLI + User,LCP < 2.5s; Page load fast; Minimal JS,Title: Careers at CloudBasket; Meta desc; H1; No-index if no open roles; Schema: JobPosting if roles listed,Heading structure; Job listing markup accessible; Apply CTA ARIA labeled,Application form CSRF if present; File upload validation if resume upload,Job listings accurate and current; Role descriptions complete; No expired postings; Contact info correct,Responsive layout; Job cards readable; CTA 'Apply Now' prominent,Apply button/link works; Contact form sends; Email link valid,Not Started,Mark no-index if page has no active job listings
4,Pricing,/pricing,Marketing,http://localhost:3000/pricing,https://cloudbasket.in/pricing,Static - Informational,HIGH,Yes,Yes,Yes,Yes,All,LCP < 2s; Pricing table renders without CLS; No layout shift on toggle (monthly/annual),Title: CloudBasket Pricing Plans; Meta desc; H1; Schema: PriceSpecification or Offer; OG tags,Pricing table accessible — not just visual; Screen reader reads prices correctly; Toggle labeled; Keyboard navigable,Price data not manipulable client-side; Checkout link goes to secure page; No hardcoded credentials,Prices accurate and current; Feature matrix correct; CTA buttons clear (Free/Pro/Enterprise); Currency INR shown; FAQs present if applicable,Toggle switch for billing cycle works visually; Plan comparison clear; CTA contrast; Mobile stacked layout correct,Plan toggle switches correctly; CTA leads to correct signup/checkout; Contact Sales link works,Not Started,Verify pricing matches actual product offerings
5,Partners,/partners,Marketing,http://localhost:3000/partners,https://cloudbasket.in/partners,Static - Informational,MEDIUM,Yes,Yes,No,Yes,Gemini CLI + User,Fast load; Partner logo images optimized; Lazy load logos,Title; Meta desc; H1; Schema: Organization; Partner links tracked,Image alts for partner logos; Heading structure; Keyboard navigation,External partner links noopener; No sensitive partner data exposed,Partner logos current; Partner descriptions accurate; CTA to apply clear; No broken partnerships listed,Logo grid responsive; Partner CTAs visible; Brand consistent,Partner logos load; Apply/contact link works; External partner links open correctly,Not Started,Verify all listed partners are active and logos are current
6,App Page,/app,Marketing,http://localhost:3000/app,https://cloudbasket.in/app,Static - App Landing,MEDIUM,Yes,Yes,No,Yes,Lighthouse + User,App store button images optimized; LCP < 2s; No excess JS,Title; Meta desc; H1; App Schema (SoftwareApplication); OG with app preview,App preview images alt text; Download CTA ARIA labeled; Mobile layout accessible,External app store links noopener; No app credentials exposed,App description accurate; Features listed correct; Download links valid; Platform icons correct (iOS/Android),Mobile-first design; App preview/mockup renders correctly; CTA buttons prominent,App store links open correctly; QR code (if present) functional; Contact/feedback link works,Not Started,Ensure app store links point to correct listings
7,Products (Listing),/products,Commerce,http://localhost:3000/products,https://cloudbasket.in/products,Dynamic - Product Grid,CRITICAL,Yes,Yes,Yes,Yes,All,LCP (first product card) < 2.5s; Product images lazy loaded WebP; Infinite scroll or pagination no CLS; Filter sidebar no render block; Core Web Vitals pass,Title: Products - Shop All at CloudBasket; Meta desc; H1; BreadcrumbList schema; ProductList schema; Canonical; No duplicate pagination URLs,Filter sidebar keyboard accessible; Product cards have img alts; Pagination ARIA labeled; Skip to results; Sort dropdown labeled,Product data from trusted API only; No price manipulation client-side; Affiliate IDs protected; Search input sanitized,Product names/prices correct; Affiliate disclaimer visible; Indian pricing (INR); No out-of-stock without label; Categories correct,Filter/sort UX intuitive; Product card design consistent; Mobile grid (2-col); Load more vs pagination clear; Brand token colors applied,Filters update results correctly; Sort works (price asc/desc); Pagination works; Product card click leads to detail; Search within products works,Not Started,Test with 0 results state and full results state
8,Product Detail (New),/products/[id],Commerce,http://localhost:3000/products/123,https://cloudbasket.in/products/123,Dynamic - Product Page,CRITICAL,Yes,Yes,Yes,Yes,All,LCP (product image) < 2.5s; Image gallery lazy load; Related products defer; No CLS on price load,Schema: Product with price/availability; BreadcrumbList; Canonical per product; OG image=product image; Unique title per product; Meta desc includes product name + price,Image gallery keyboard navigable; Alt text per image; Buy CTA ARIA labeled; Review stars screen-reader readable; Accordion accessible,Affiliate redirect /go/[id] validates ID; Price data server-rendered not injectable; No exposed vendor IDs in client; External buy links noopener,Product name accurate; Price matches source; Images correct product; Description complete; Affiliate disclosure present; Buy button leads to correct retailer; Return/shipping info correct,Image gallery works; Price prominent; CTA above fold on mobile; Breadcrumb visible; Related products show,Image gallery carousel works; /go/[id] redirect fires tracking; Buy Now opens affiliate site; Add to watchlist if applicable; Share link generates correct URL,Not Started,Verify /go/[id] tracking fires before redirect
9,Product Detail (Legacy),/product/[id],Commerce,http://localhost:3000/product/123,https://cloudbasket.in/product/123,Dynamic - Product Page,HIGH,Yes,No,Yes,No,Claude AI,Same as /products/[id]; Check if this is a redirect or separate page,Canonical should point to /products/[id] if duplicate; 301 redirect check,Same as /products/[id],Same as /products/[id]; Check if route is protected or deprecated,Verify content matches /products/[id]; No orphaned route,Same as /products/[id],Verify this route either 301 redirects or renders correct content; No 404,Not Started,Investigate if this is a legacy route — consider 301 redirect to /products/[id]
10,Categories,/categories,Commerce,http://localhost:3000/categories,https://cloudbasket.in/categories,Static - Grid,HIGH,Yes,Yes,No,Yes,Lighthouse + User,Category card images WebP + lazy; LCP < 2.5s; No CLS,Title: Shop by Category; Meta desc; H1; BreadcrumbList schema; Sitemap included,Category images alt text; Card focus states; Keyboard navigable grid,No sensitive data; External category links safe,Category names accurate; Images represent correct categories; All categories have products; No empty categories shown without state,Category grid responsive; Card hover states; Mobile 2-col grid; Brand colors on cards,Each category card navigates to correct /category/[slug]; Count shows correctly if present,Not Started,Check if any categories are empty — add empty state
11,Category Detail,/category/[slug],Commerce,http://localhost:3000/category/electronics,https://cloudbasket.in/category/electronics,Dynamic - Product Grid,HIGH,Yes,Yes,No,Yes,Lighthouse + User,Same as /products but scoped to category; Category hero image optimized,Schema: BreadcrumbList + ItemList; Title: [Category] Products at CloudBasket; Canonical per slug; OG image=category image,Same as /products; Category heading readable,Search/filter input sanitized; slug validated server-side,Category products correct; Count accurate; Affiliate links correct; Breadcrumb shows correct path,Category header/hero visible; Filter sidebar; Mobile responsive grid; Breadcrumb navigation,Category filter/sort works; Products match category; Breadcrumb navigates back; Empty state if no products,Not Started,Test with actual slugs — ensure 404 for invalid slugs
12,Brands,/brands,Commerce,http://localhost:3000/brands,https://cloudbasket.in/brands,Static - Grid,MEDIUM,Yes,Yes,No,Yes,Gemini CLI + User,Brand logo images optimized; LCP < 2.5s; Alphabetical list loads fast,Title: Shop by Brand; Meta desc; H1; Schema: BrandList (custom) or ItemList; Sitemap,Brand logo alts; Keyboard navigable; Search box labeled,Slug validated; No private brand data exposed,Brand logos current; Brand names correctly spelled; All brands have products; Search works,Alphabetical layout clear; Brand logo grid responsive; Search/filter UX; Mobile layout,Brand search/filter works; Each brand card leads to /brand/[brandName]; Logos load,Not Started,Ensure logos are trademark-compliant and up to date
13,Brand Detail,/brand/[brandName],Commerce,http://localhost:3000/brand/samsung,https://cloudbasket.in/brand/samsung,Dynamic - Product Grid,MEDIUM,Yes,No,Yes,Yes,Claude AI + User,Same as category; Brand header image optimized,Schema: Brand + ItemList; Title: [Brand] Products; Canonical per brand; OG image=brand logo,Brand logo alt; Product grid accessible; Breadcrumb,brandName param validated server-side; No private brand data,Brand info accurate; Products correct for brand; Affiliate links correct,Brand header design; Product grid; Mobile layout,Brand products display; Breadcrumb works; 404 for invalid brandName,Not Started,Validate server-side that brandName is sanitized
14,Compare,/compare,Commerce,http://localhost:3000/compare,https://cloudbasket.in/compare,Interactive - Tool,HIGH,Yes,No,Yes,Yes,Claude AI + User,Comparison table renders without CLS; Product images optimized; Fast initial load,Title: Compare Products - CloudBasket; Meta desc; H1; Noindex if dynamic only; Canonical,Table accessible — headers + data cells; Keyboard navigable; Screen reader readable,Product IDs in URL validated; No price injection; Comparison data server-verified,Price data accurate; Feature comparison correct; Source links to correct products; Affiliate disclosure,Comparison table clear; Mobile horizontally scrollable; Add/remove product intuitive; CTA visible,Add product to compare works; Remove works; Price data loads correctly; Buy/view links navigate correctly,Not Started,Test with 2 and 3 products; test empty state
15,Search,/search,Commerce,http://localhost:3000/search,https://cloudbasket.in/search,Interactive - Search,CRITICAL,Yes,Yes,Yes,Yes,All,Search results render fast; LCP < 2s; Debounce on input; Lazy load result images,Title: Search Results for '[query]' — dynamic; Meta desc dynamic; Noindex or canonical; No-index duplicate search pages,Search input ARIA labeled; Results list accessible; Keyboard navigable; Loading state announced,Query sanitized server-side; No XSS via search param; Rate limiting on search API; Log search queries safely,Results relevant; Affiliate disclaimer on results; Sponsored results labeled; Zero-results state shows suggestions,Search bar prominent; Results grid clean; Filters visible; Mobile layout correct; Sponsored vs organic clear,Search query returns results; Filters refine correctly; Pagination or load-more works; Click leads to product; Search analytics fires,Not Started,Critical revenue path — test XSS with query param injection
16,Best Deals,/best-deals,Commerce,http://localhost:3000/best-deals,https://cloudbasket.in/best-deals,Dynamic - Deal Grid,HIGH,Yes,Yes,No,Yes,Lighthouse + Gemini CLI,Deal cards lazy load; LCP < 2.5s; Price/countdown no CLS,Title: Best Deals Today - CloudBasket; Meta desc; H1; Schema: ItemList; OG image; Sitemap,Deal cards accessible; Countdown timer readable by screen reader; Keyboard nav,Deal data server-side only; No price manipulation; Affiliate links validated,Prices accurate vs source; Discount % correct; Deals current — not expired; Affiliate disclosure,Deals grid responsive; Countdown visible; Mobile 1-2 col; Expiry labels clear,Deal click fires tracking; Buy Now goes to affiliate; Countdown reaches zero correctly; Refresh loads new deals,Not Started,Test expired deal behavior — should not show
17,Sale,/sale,Commerce,http://localhost:3000/sale,https://cloudbasket.in/sale,Dynamic - Sale Grid,HIGH,Yes,Yes,No,Yes,Lighthouse + User,Same as best-deals; Banner image optimized,Title: Sale - CloudBasket; Meta desc; H1 'Sale'; Schema: SiteNavigationElement or OfferCatalog; Sitemap,Sale banner alt; Product grid accessible,Sale data validated server-side; No price injection,Sale prices correct; Original prices shown; Discount legitimate; No fake urgency claims; ASCI guidelines compliant (India),Sale banner design correct; Discount badge visible; Mobile responsive,Sale items load; Buy link fires tracking; Price with discount correct,Not Started,Ensure no misleading discounts (Indian Consumer Protection Act 2019)
18,Deals Hub,/deals,Commerce,http://localhost:3000/deals,https://cloudbasket.in/deals,Dynamic - Deal Grid,HIGH,Yes,Yes,No,Yes,Lighthouse + User,Deal cards lazy load; LCP < 2.5s,Title: Today's Deals - CloudBasket; Meta desc; H1; OG; Sitemap,Accessible deal cards; Keyboard nav,Deal data server-verified,Deals current; Prices correct; Affiliate links working; Expiry shown,Deals grid; Category tabs if present; Mobile responsive,Category filter works; Deal click tracks; Buy Now opens affiliate; Flash deals link works,Not Started,Check if /deals and /best-deals have duplicate content — canonical one of them
19,Flash Deals,/deals/flash,Commerce,http://localhost:3000/deals/flash,https://cloudbasket.in/deals/flash,Dynamic - Flash Sale,HIGH,Yes,No,Yes,Yes,Lighthouse + User,Countdown timer no CLS; Images optimized; Fast load — flash sales are time-sensitive,Title: Flash Deals - CloudBasket; Meta desc; H1; Noindex if empty; OG with urgency,Countdown ARIA live region; Screen reader announces time left; Keyboard nav,Deal authenticity server-side; No countdown manipulation; Affiliate IDs validated,All deals active at load; Prices correct; Expiry accurate; Sold out state handled,Timer prominent; Urgency design (red/orange); Mobile responsive; Empty state if no flash deals,Countdown counts down correctly; Sold out state shows; Deal click tracks; Refresh shows updated deals,Not Started,Test sold-out state; test page when no flash deals exist
20,Deal Detail,/deals/[id],Commerce,http://localhost:3000/deals/abc123,https://cloudbasket.in/deals/abc123,Dynamic - Deal Page,HIGH,Yes,No,Yes,Yes,Claude AI + User,LCP (deal image) < 2.5s; Countdown no CLS,Schema: Offer + Product; Title: [Deal Name] - Limited Time; Canonical; OG,Deal image alt; Countdown readable; Buy CTA labeled,Deal ID validated server-side; Price server-rendered; Affiliate ID protected,Deal details accurate; Price + original price shown; Expiry shown; Affiliate disclosure; Terms if applicable,Deal design clear; Timer prominent; Mobile layout; Breadcrumb,Deal data loads; Countdown works; Buy CTA fires tracking + redirect; Expired deal shows graceful error,Not Started,Handle gracefully if deal ID is invalid or expired
21,POD Hub,/pod,POD,http://localhost:3000/pod,https://cloudbasket.in/pod,Static - Landing,HIGH,Yes,Yes,No,Yes,Gemini CLI + User,Hero image optimized; Category grid lazy; LCP < 2.5s,Title: Print on Demand - CloudBasket; Meta desc; H1; Schema: Service; OG; Sitemap,Category images alt; CTA buttons labeled; Keyboard nav,No form here — low risk; External print partner links noopener,POD proposition clear; Categories (T-Shirts/Mugs/Cases) visible; Pricing teaser; How it works section; CTA to upload/design,Category card grid responsive; Mobile layout; Design tokens; Brand CTA colors,Category cards navigate correctly; CTA buttons work; How it works links navigate,Not Started,Entry point to POD flow — ensure UX is crystal clear
22,POD T-Shirts,/pod/tshirts,POD,http://localhost:3000/pod/tshirts,https://cloudbasket.in/pod/tshirts,Dynamic - Product Grid,HIGH,Yes,Yes,No,Yes,Lighthouse + User,Product images optimized; Mockup previews lazy load; LCP < 2.5s,Title: Custom T-Shirts - POD; Meta desc; H1; Schema: Product; Breadcrumb; Sitemap,Product cards accessible; Size selector labeled; Color picker labeled,No user data here; Affiliate links safe,T-shirt variants correct; Sizes listed; Colors accurate; Pricing shown; Customization CTA clear,Product grid; Size/color pickers; Mobile responsive; Mockup preview quality,Select size/color works; Customize/upload CTA leads to /pod/upload; Add to cart flow,Not Started,Verify mockup previews actually represent final product
23,POD Mugs,/pod/mugs,POD,http://localhost:3000/pod/mugs,https://cloudbasket.in/pod/mugs,Dynamic - Product Grid,HIGH,Yes,Yes,No,Yes,Lighthouse + User,Same as T-shirts,Title: Custom Mugs - POD; Meta desc; H1; Schema: Product; Breadcrumb; Sitemap,Same as T-shirts,Same as T-shirts,Mug variants correct; Capacity/size options listed; Material info; Pricing; CTA clear,Product grid; Variant pickers; Mobile responsive; Mockup quality,Size/variant selection; Customize CTA leads to /pod/upload; Cart flow,Not Started,Same checks as T-Shirts — apply systematically
24,POD Phone Cases,/pod/phone-cases,POD,http://localhost:3000/pod/phone-cases,https://cloudbasket.in/pod/phone-cases,Dynamic - Product Grid,HIGH,Yes,Yes,No,Yes,Lighthouse + User,Same as T-shirts,Title: Custom Phone Cases - POD; Meta desc; H1; Schema: Product; Breadcrumb; Sitemap,Same as T-shirts; Device selection accessible,Same as T-shirts,Device/model compatibility list current (latest iPhones/Android); Material options; Pricing; Print area shown,Product grid; Device picker UX; Mockup preview; Mobile responsive,Device selection filters correctly; Customize CTA works; Cart flow,Not Started,Ensure device compatibility list is up-to-date — check for latest models
25,POD Designs,/pod/designs,POD,http://localhost:3000/pod/designs,https://cloudbasket.in/pod/designs,Dynamic - Gallery,MEDIUM,Yes,Yes,No,Yes,Gemini CLI + User,Design gallery lazy load; LCP < 2.5s; Filter no CLS,Title: Design Gallery - CloudBasket POD; Meta desc; H1; Sitemap,Design images alt; Category filter labeled; Keyboard nav,User-generated content if present — moderation check; No exposed user data,Designs look professional; Categories correct; License terms clear (who owns design),Gallery grid responsive; Filter UX; Design preview quality; Mobile 2-col,Filter works; Design click shows detail or customize CTA; Copyright info present,Not Started,Clarify licensing — are these stock designs or user-uploaded?
26,POD Upload,/pod/upload,POD,http://localhost:3000/pod/upload,https://cloudbasket.in/pod/upload,Interactive - Upload Tool,CRITICAL,Yes,No,Yes,Yes,Claude AI + User,Upload progress no CLS; Canvas render performant; Image processing client-side fast,Noindex (tool page — not SEO-focused); Canonical; Title: Upload Your Design - POD,Upload dropzone keyboard accessible + ARIA; Error messages announced; Preview accessible,File type validation (JPEG/PNG/SVG only); Max file size enforced; Malware scan if server-upload; No path traversal; CSRF on upload; Sanitize filename,Upload instructions clear; Accepted formats stated; File size limit stated; Preview accurate; Pricing post-upload shown,Dropzone UX intuitive; Preview mockup renders correctly; Mobile upload works; Progress indicator; Error state design,File select works; Drag-and-drop works; Preview renders on canvas; Format validation fires on wrong file type; Size limit rejects oversized files; Submit/next step works,Not Started,Security critical — file upload must validate type AND content (not just extension)
27,POD Category (Dynamic),/pod/[category],POD,http://localhost:3000/pod/custom-caps,https://cloudbasket.in/pod/custom-caps,Dynamic - Product Grid,MEDIUM,Yes,No,Yes,No,Claude AI,Same as static POD pages,Canonical per category slug; Redirect invalid slugs to /pod; Title dynamic,Same as product grids,category param validated server-side; No directory traversal,Products match category; Accurate descriptions,Responsive layout; Brand consistent,Invalid category 404s or redirects; Products load for valid category,Not Started,Ensure [category] param is validated against whitelist — prevent arbitrary slug injection
28,Affiliate Hub,/affiliate,Affiliate,http://localhost:3000/affiliate,https://cloudbasket.in/affiliate,Static - Informational,HIGH,Yes,Yes,No,Yes,Gemini CLI + User,Fast text load; Partner logos optimized; LCP < 2s,Title: Affiliate Program - CloudBasket; Meta desc; H1; Schema: Service; OG; Sitemap,Heading structure; CTA buttons labeled; Form accessible if present,No form here; External network links noopener,Affiliate network description accurate; Commission rates correct; How-it-works clear; Signup CTA prominent; Legal disclaimer present,Program benefits layout clear; Networks displayed (Amazon/CJ/Flipkart); Mobile responsive; CTA prominent,Network links open correctly; Signup CTA navigates correctly; Any form submits,Not Started,Ensure commission rates/terms are accurate and up to date
29,Affiliate Disclosure,/affiliate-disclosure,Affiliate,http://localhost:3000/affiliate-disclosure,https://cloudbasket.in/affiliate-disclosure,Static - Legal,MEDIUM,No,No,Yes,No,Claude AI,Fast text load; No heavy assets,Title: Affiliate Disclosure; Meta desc; Canonical; Consider noindex,Readable font size; Heading structure,No forms; Low risk,Disclosure text FTC/ASCI/Indian law compliant; Covers all affiliate networks used; Date current; Email contact present,Readable typography; Print-friendly,All links in disclosure text work; Email link works,Not Started,Check compliance with Indian IT Act 2000 and ASCI guidelines
30,CJ Affiliate,/cj,Affiliate,http://localhost:3000/cj,https://cloudbasket.in/cj,Dynamic - Product Grid,HIGH,Yes,Yes,Yes,Yes,All,CJ product images lazy load; LCP < 2.5s; API response cached,Title: CJ Network Products - CloudBasket; Meta desc; H1; Canonical; Sitemap,Product cards accessible; Keyboard nav,CJ API credentials not exposed; Redirect /go/ validates ID; Affiliate IDs protected in client,CJ products display correctly; Prices accurate; Links go through /go/ tracking; Affiliate disclosure present,Product grid; Mobile responsive; Brand consistent,CJ API returns products; /go/ redirect tracking fires; Buy links open correctly; Handle API error state,Not Started,Ensure CJ API error state is handled gracefully — show fallback products
31,Associates,/associates,Affiliate,http://localhost:3000/associates,https://cloudbasket.in/associates,Static - Application,MEDIUM,Yes,Yes,No,Yes,Gemini CLI + User,Fast form load; LCP < 2s,Title: Become a CloudBasket Associate; Meta desc; H1; Schema: Service; Sitemap,Form inputs labeled; Error messages accessible; Submit CTA ARIA,Application form CSRF; Email validation; Rate limiting on /api/associates/apply; No data leakage in error response,Application form fields clear; Program benefits listed; Commission structure shown; Terms linked; Privacy notice for data collected,Form UX clean; Mobile responsive; CTA prominent; Success/error states designed,Form submits to /api/associates/apply; Success message shows; Error handled; Email confirmation sent,Not Started,Verify /api/associates/apply rate limiting and spam protection
32,Blog List,/blog,Blog,http://localhost:3000/blog,https://cloudbasket.in/blog,Static - Blog Index,MEDIUM,Yes,Yes,No,Yes,Gemini CLI + User,Blog card images WebP lazy; LCP < 2.5s; Pagination no CLS,Title: Blog - CloudBasket; Meta desc; H1; Schema: Blog; OG; Sitemap; Paginated canonicals,Article cards accessible; Read more links descriptive (not just 'Read More'); Keyboard nav,Low risk; No forms,Posts have titles/dates/authors/categories; No draft posts published; Content accurate; No copyright violations,Card grid responsive; Mobile layout; Category filter if present; Load more UX,Category filter works; Blog card click navigates to post; Pagination works; RSS feed link if present,Not Started,Check for duplicate content if blog posts are syndicated
33,Blog Post,/blog/[slug],Blog,http://localhost:3000/blog/post-title,https://cloudbasket.in/blog/post-title,Dynamic - Article,HIGH,Yes,Yes,No,Yes,Gemini CLI + User,LCP (hero image) < 2.5s; Reading time estimate shown; Images within article lazy,Schema: Article with author+date+headline; Title = post title; Meta desc = post excerpt; OG image = post image; Canonical per slug; BreadcrumbList,Article heading hierarchy; Image alts in article; Readable font; Reading progress accessible,No forms in basic post; Related post links safe,Author correct; Date accurate; Content factual; Internal links not broken; Affiliate links disclosed; No outdated prices quoted,Article typography readable; Mobile responsive; Share buttons; Related posts; Code blocks if any formatted,Share buttons fire correctly; Related posts links work; Invalid slug shows 404; Author profile link works if present,Not Started,Test invalid slug — should return 404 not crash
34,Quiz,/quiz,Interactive,http://localhost:3000/quiz,https://cloudbasket.in/quiz,Interactive - Tool,MEDIUM,Yes,Yes,Yes,Yes,Claude AI + User,Quiz renders fast; No CLS on answer selection; Progress bar smooth,Title: Find Your Perfect Product - Quiz; Meta desc; H1; Noindex quiz steps; Final result canonical,Step navigation keyboard accessible; Answer options ARIA labeled; Progress bar readable; Results accessible,Answer data not manipulable; Recommendation logic server-side; No user data stored without consent,Quiz questions relevant; Answer options cover use cases; Result recommendations accurate; Affiliate disclosure on results; Privacy note if data collected,Step-by-step UX clear; Mobile responsive; Progress visible; Result design compelling,Each step progresses correctly; Back navigation works; Results load correctly; Recommended products link to correct pages; Restart works,Not Started,Test all quiz paths — ensure recommendations are relevant and not broken
35,Login,/login,Auth,http://localhost:3000/login,https://cloudbasket.in/login,Auth - Login,CRITICAL,Yes,No,Yes,Yes,Claude AI + User,Form renders instantly; No layout shift; Minimal JS,Noindex — must be excluded from search index; Canonical; No OG required,Form inputs labeled; Error messages clear + accessible; Password field correctly typed; Keyboard tab order: email → password → submit,HTTPS enforced; CSRF token on form; Rate limiting on /api/auth; Brute force protection; Secure+HttpOnly cookie; No credentials in URL; OTP flow rate limited; No timing attack on email check; Lockout after N failed attempts,Error messages non-specific (no 'email not found'); Legal links (Privacy+Terms) present; Cookie notice present; No autocomplete on sensitive fields,Mobile keyboard (email type=email; password type=password); CTA 'Sign In' prominent; Forgot password link; Register link; Form error states designed,Login with email/password works; OTP send + verify works; OAuth (Google/GitHub) if present works; Redirect after login correct; Forgot password flow works; Rate limiting triggers after N attempts,Not Started,Security critical — test rate limiting and brute force protection
36,Register,/register,Auth,http://localhost:3000/register,https://cloudbasket.in/register,Auth - Register,CRITICAL,Yes,No,Yes,Yes,Claude AI + User,Form renders fast; No CLS,Noindex; Canonical; No OG,All inputs labeled; Password strength indicator accessible; Error messages clear,HTTPS; CSRF; Rate limiting; Email verification required; No duplicate accounts; Password min complexity enforced; GDPR/Indian IT Act data collection notice,Fields: name/email/password + confirm; T&C checkbox required; Privacy notice clear; Email verification message shown; No data required beyond necessity,Form UX clean; Mobile responsive; Password strength UX; Error states designed; Success state designed,Registration submits; Email verification sent; Duplicate email handled gracefully; Password mismatch handled; Submit with empty fields shows errors; Rate limiting works,Not Started,Ensure email verification is mandatory before account access
37,Contact,/contact,Support,http://localhost:3000/contact,https://cloudbasket.in/contact,Static - Form,HIGH,Yes,Yes,Yes,Yes,All,Form renders fast; reCAPTCHA if present doesn't block LCP,Title: Contact CloudBasket; Meta desc; H1; Schema: ContactPage; Sitemap,Form inputs labeled; Subject/message fields labeled; Submit CTA labeled; Error messages accessible,CSRF protection; Input sanitization; Rate limiting on /api/contact; No email harvesting; reCAPTCHA or honeypot,Contact info accurate (email/address/phone); Response time expectation stated; Support channels listed (email/WhatsApp/chat); Privacy note on form data,Form UX clean; Mobile responsive; Map/location if applicable; Success state designed; Error state designed,Contact form submits to /api/contact; Email arrives correctly; Auto-reply sent; Rate limiting triggers; Phone/WhatsApp links work,Not Started,Test contact form end-to-end — verify email arrives and auto-reply sends
38,FAQ,/faq,Support,http://localhost:3000/faq,https://cloudbasket.in/faq,Static - Informational,MEDIUM,Yes,Yes,No,Yes,Gemini CLI + User,Accordion renders fast; No CLS on expand; Fast text load,Title: FAQ - CloudBasket; Meta desc; H1; Schema: FAQPage (rich result eligible); Sitemap,Accordion ARIA expanded state; Keyboard toggle; Heading structure; Readable font,Low risk; No forms,Questions cover common user concerns; Answers accurate; No outdated info; Affiliate/legal questions covered; Return policy referenced; Pricing linked,Accordion UX clean; Mobile readable; Search within FAQ if present; Categories if present,Accordion expand/collapse works; Keyboard toggle works; Search within FAQ works if present; CTA links in answers work; All answer links not broken,Not Started,FAQPage schema can generate rich results in Google — verify markup with Rich Results Test
39,Support Ticket,/support/ticket,Support,http://localhost:3000/support/ticket,https://cloudbasket.in/support/ticket,Interactive - Form,HIGH,Yes,No,Yes,Yes,Claude AI + User,Form renders fast; File attach no CLS,Noindex or low-priority; Title: Submit Support Ticket; Meta desc,All inputs labeled; File upload accessible; Priority/category select labeled; Error messages clear,CSRF; Auth required — unauthenticated access should redirect to login; File upload validation (type+size); Rate limiting on /api/support/ticket; No data leakage in ticket ID,Form fields cover: subject/category/description/attachment; Priority levels clear; Confirmation message with ticket ID; Privacy note,Form UX clean; Mobile responsive; File upload UX; Success state with ticket reference,Auth gate works — unauthenticated redirects to /login; Form submits correctly; File upload works; Confirmation shows ticket ID; Support email received,Not Started,Verify auth gating — ticket form must require login
40,Legal Hub,/legal,Legal,http://localhost:3000/legal,https://cloudbasket.in/legal,Static - Index,LOW,No,No,Yes,No,Claude AI,Fast text load; No heavy assets,Title: Legal - CloudBasket; Meta desc; H1; Sitemap; Links to all legal sub-pages,Heading structure; All links descriptive; Keyboard nav,Low risk,All legal pages linked correctly; No missing legal pages; Last updated dates correct,Navigation list clean; Mobile readable,All legal sub-page links navigate correctly,Not Started,Quick audit — ensure all sub-pages are linked
41,Privacy Policy,/legal/privacy,Legal,http://localhost:3000/legal/privacy,https://cloudbasket.in/legal/privacy,Static - Legal,HIGH,No,Yes,Yes,No,Claude AI + Gemini CLI,Fast text load,Title: Privacy Policy - CloudBasket; Meta desc; Canonical; Sitemap,Readable font 16px+; Heading structure; TOC with anchor links,Low risk; Ensure HTTPS link to policy in all forms,Indian IT Act 2000 + 2008 Amendment compliance; PDPA/DPDPA 2023 compliant; Data collected listed; Third parties listed (Supabase/Stripe/etc.); Retention period stated; User rights stated; Grievance officer contact; Last updated date current,Readable typography; Print-friendly; TOC navigation; Mobile readable,Anchor links in TOC work; All linked contacts/emails work; PDF download if present works,Not Started,Must comply with India's Digital Personal Data Protection Act 2023
42,Terms of Service,/legal/terms,Legal,http://localhost:3000/legal/terms,https://cloudbasket.in/legal/terms,Static - Legal,HIGH,No,Yes,Yes,No,Claude AI + Gemini CLI,Fast text load,Title: Terms of Service - CloudBasket; Meta desc; Canonical; Sitemap,Readable font; Heading structure; TOC,Low risk,Indian Consumer Protection Act 2019 compliant; Governing law clause (India); Dispute resolution stated; Affiliate disclaimer present; POD product terms; IP/copyright clause; Account termination terms; Last updated date current,Readable typography; TOC navigation; Print-friendly; Mobile readable,TOC anchor links work; Contact/email links work; PDF download works if present,Not Started,Governing law should be India — verify jurisdiction clause
43,Cookies Policy,/legal/cookies,Legal,http://localhost:3000/legal/cookies,https://cloudbasket.in/legal/cookies,Static - Legal,MEDIUM,No,No,Yes,No,Claude AI,Fast text load,Title: Cookies Policy - CloudBasket; Meta desc; Canonical; Sitemap,Readable font; Heading structure,Low risk,Cookie categories listed (essential/analytics/marketing); Third-party cookies disclosed; How to opt out explained; Last updated current,Readable; Mobile readable,Anchor links work; Cookie management link works if present,Not Started,Ensure cookie policy matches actual cookies set — audit with browser DevTools
44,Disclaimer,/legal/disclaimer,Legal,http://localhost:3000/legal/disclaimer,https://cloudbasket.in/legal/disclaimer,Static - Legal,MEDIUM,No,No,Yes,No,Claude AI,Fast text load,Title: Disclaimer - CloudBasket; Meta desc; Canonical; Sitemap,Readable; Heading structure,Low risk,Affiliate disclaimer; Accuracy disclaimer for price data; No financial advice disclaimer; AI content disclaimer if applicable; Last updated current,Readable; Mobile readable; Print-friendly,All links in disclaimer text work,Not Started,Critical for affiliate site — ensure price accuracy disclaimer is strong
45,Disclaimer PDF,/legal/disclaimer/pdf,Legal,http://localhost:3000/legal/disclaimer/pdf,https://cloudbasket.in/legal/disclaimer/pdf,Static - PDF View,LOW,No,No,Yes,No,Claude AI,Fast PDF render,Noindex — PDF version; Canonical points to /legal/disclaimer,PDF accessible; Alt text,Low risk,Same content as /legal/disclaimer; PDF correctly formatted; Logo present; Date on PDF,PDF renders correctly; Printable,PDF renders; Download button works if present; Content matches HTML version,Not Started,Noindex this — avoid duplicate content with HTML version
46,DMCA,/legal/dmca,Legal,http://localhost:3000/legal/dmca,https://cloudbasket.in/legal/dmca,Static - Legal,MEDIUM,No,No,Yes,No,Claude AI,Fast text load,Title: DMCA Policy - CloudBasket; Meta desc; Canonical; Sitemap,Readable; Heading structure,Low risk,DMCA takedown procedure stated; Contact for DMCA agent correct; Counter-notice procedure; Copyright agent info; Last updated,Readable; Mobile readable,DMCA contact email link works,Not Started,Verify DMCA agent contact email is monitored
47,Accessibility,/legal/accessibility,Legal,http://localhost:3000/legal/accessibility,https://cloudbasket.in/legal/accessibility,Static - Legal,MEDIUM,No,No,Yes,Yes,Claude AI + User,Fast text load,Title: Accessibility Statement - CloudBasket; Meta desc; Canonical; Sitemap,Readable; Heading structure; This page itself must be accessible,Low risk,WCAG 2.1 AA commitment stated; Known issues listed; Contact for accessibility requests; Last updated,Readable; Mobile; Print-friendly,Accessibility contact email/form works,Not Started,The accessibility page itself must pass WCAG 2.1 AA — meta requirement
48,Refund Policy,/legal/refund-policy,Legal,http://localhost:3000/legal/refund-policy,https://cloudbasket.in/legal/refund-policy,Static - Legal,HIGH,No,Yes,Yes,No,Claude AI + Gemini CLI,Fast text load,Title: Refund Policy - CloudBasket; Meta desc; Canonical; Sitemap,Readable; Heading structure,Low risk,Consumer Protection Act 2019 compliant; POD refund terms (custom items); Affiliate purchase refund note (directed to retailer); Timeline for refunds; Contact for disputes; Last updated current,Readable; Mobile; Print-friendly,TOC anchor links work; Contact links work; PDF download if present,Not Started,POD refund policy must clearly state custom items may not be refundable
49,Refund Policy PDF,/legal/refund-policy/pdf,Legal,http://localhost:3000/legal/refund-policy/pdf,https://cloudbasket.in/legal/refund-policy/pdf,Static - PDF View,LOW,No,No,Yes,No,Claude AI,Fast PDF render,Noindex — PDF version; Canonical to /legal/refund-policy,PDF accessible,Low risk,Same as HTML; Formatted correctly; Date on PDF; Logo present,PDF renders; Printable,PDF renders; Content matches HTML version,Not Started,Noindex — duplicate of HTML version
50,Grievance Officer,/legal/grievance-officer,Legal,http://localhost:3000/legal/grievance-officer,https://cloudbasket.in/legal/grievance-officer,Static - Legal,HIGH,No,No,Yes,No,Claude AI,Fast text load,Title: Grievance Officer - CloudBasket; Meta desc; Canonical; Sitemap,Readable; Heading structure,Low risk,Indian IT Act 2000 Rule 3(11) mandatory; Officer name; Designation; Contact email; Response timeline (acknowledge within 24h; resolve within 15 days per IT Act); Physical address for notices,Readable; Mobile,Grievance officer email works; Physical address correct if listed,Not Started,Mandatory under Indian IT Act 2000 — non-compliance = legal risk
51,Legal Affiliate Disclosure,/legal/affiliate-disclosure,Legal,http://localhost:3000/legal/affiliate-disclosure,https://cloudbasket.in/legal/affiliate-disclosure,Static - Legal,MEDIUM,No,No,Yes,No,Claude AI,Fast text load,Title: Affiliate Disclosure (Legal) - CloudBasket; Canonical; Consider 301 to /affiliate-disclosure if duplicate,Readable,Low risk,Check if duplicate of /affiliate-disclosure; If so — 301 redirect one to the other; If unique — ensure ASCI+FTC compliant; Networks disclosed,Readable; Mobile,Links in disclosure work; 301 redirect if applicable,Not Started,Investigate if this duplicates /affiliate-disclosure — canonical or 301 redirect
52,Sitemap Page,/sitemap-page,Utility,http://localhost:3000/sitemap-page,https://cloudbasket.in/sitemap-page,Static - Sitemap,LOW,No,No,Yes,No,Claude AI,Fast text load; List renders fast,Title: Sitemap - CloudBasket; H1; Canonical; Link from footer,Readable list; Keyboard nav; All links descriptive,Low risk,All active pages listed; No broken links; Grouped by section; Legal pages listed; API routes not listed,Readable list layout; Mobile,All listed links navigate correctly; No 404 links in sitemap,Not Started,Audit link health — all sitemap links must resolve
53,Offline,/offline,Utility,http://localhost:3000/offline,https://cloudbasket.in/offline,PWA - Offline,MEDIUM,No,No,Yes,Yes,Claude AI + User,Must load from cache — no network; Minimal assets; ServiceWorker scope,Noindex; No SEO required for offline page,Heading readable; Retry button labeled; Message clear,Low risk — no network requests expected,Friendly offline message; Retry button; Brand logo shows; No broken assets,Brand consistent; Mobile responsive; Simple clean layout,Page renders offline (test with DevTools offline mode); Retry button checks connection; Logo loads from cache,Not Started,Test with DevTools → Network → Offline mode — page must render
54,Feature Disabled,/feature-disabled,Utility,http://localhost:3000/feature-disabled,https://cloudbasket.in/feature-disabled,Utility - State Page,LOW,No,No,Yes,Yes,Claude AI + User,Fast render; Minimal assets,Noindex; Title: Feature Temporarily Unavailable,Accessible message; Button labeled,Low risk,Message explains feature is disabled; Contact info or alternative offered; No technical error details exposed to user,Clean design; Brand consistent; CTA to home or contact,Page renders correctly; CTA navigates correctly; No technical stack info leaked,Not Started,Ensure no internal error details are exposed
55,Unsubscribed,/unsubscribed,Utility,http://localhost:3000/unsubscribed,https://cloudbasket.in/unsubscribed,Utility - Confirmation,LOW,No,No,Yes,Yes,Claude AI + User,Fast render,Noindex; Title: Unsubscribed from CloudBasket,Accessible message; CTA labeled,Unsubscribe token in URL should be validated server-side; One-time use token; No re-subscribe without consent,Confirmation message clear; Offer to re-subscribe option; Support contact if unsubscribed in error,Clean; Brand consistent; Friendly message,Unsubscribe confirmed in database; Token validated; Re-subscribe link works if offered; No double-unsubscribe error,Not Started,Verify unsubscribe token validation — prevent CSRF unsubscription
56,Affiliate Redirect,/go/[id],Special,http://localhost:3000/go/abc123,https://cloudbasket.in/go/abc123,Server Route - Redirect,CRITICAL,No,No,Yes,Yes,Claude AI + User,Server-side redirect — should be instant < 100ms; No client render; 302 redirect to affiliate URL,Noindex — redirect route; No meta needed,N/A — instant redirect,ID validated against database — no open redirect vulnerability; Malicious URL injection prevention; Affiliate ID logged server-side; Rate limiting; No redirect to non-whitelisted domains; Log click before redirect,N/A — redirect route,N/A — redirect route,ID resolves to correct affiliate URL; Click logged in analytics; Rate limit triggers on abuse; Invalid ID returns 404 or redirect to home; No open redirect with arbitrary URL injection,Not Started,CRITICAL SECURITY: must prevent open redirect — never redirect to arbitrary URLs from this route
